sd00002,y_kaicyou
sd00002,sd00002
sd00003,sd00003
sd02101,sd02101
sd02101,js_staff01
sd02102,sd02102
sd02104,sd02104
sd02104,nb_staff02
sd03101,sd03101
sd03102,sd03102
sd03102,sa_staff18
sd03103,sd03103
sd03103,gk_staff11
sd03105,sd03105
sd03802,sd03802
sd03802,js_staff12
sd04005,sd04005
sd04005,sa_staff01
sd04103,ss_kubota
sd04103,sd04103
sd04107,sd04107
sd04107,js_staff28
sd04802,sd04802
sd04802,js_staff19
sd05804,sd05804
sd05804,eth_staff02
sd06101,sd06101
sd06102,sd06102
sd06102,js_staff21
sd06103,sd06103
sd06103,efu_staff02
sd06104,sd06104
sd06104,etk_staff03
sd06105,sd06105
sd06105,efu_staff09
sd06106,sd06106
sd06109,sd06109
sd06109,efu_staff08
sd06804,sd06804
sd06804,gk_staff01
sd07102,sd07102
sd07102,gk_staff14
sd07103,sd07103
sd07103,sa_staff09
sd07108,sd07108
sd07108,gk_staff20
sd07801,sd07801
sd07801,ena_staff02
sd08103,sd08103
sd08103,eho_staff03
sd08104,sd08104
sd08104,gk_staff24
sd08106,sd08106
sd08106,gk_staff45
sd08802,sd08802
sd08802,js_staff20
sd08888,gk_staff47
sd08889,sd08889
sd09102,sd09102
sd09102,etk_staff06
sd09106,sd09106
sd09106,gk_staff32
sd09108,sd09108
sd09108,sa_staff22
sd09110,sd09110
sd09110,gk_staff48
sd09111,sd09111
sd09111,gk_staff39
sd09112,sd09112
sd09112,gk_staff40
sd09801,sd09801
sd09801,js_staff25
sd10102,sd10102
sd10102,fa_staff13
sd10103,sd10103
sd10103,gk_staff08
sd10104,sd10104
sd10104,gk_staff05
sd10106,sd10106
sd10106,ena_staff05
sd10801,sd10801
sd10801,js_staff27
sd11101,sd11101
sd11101,gk_staff33
sd11103,sd11103
sd11103,sa_staff27
sd11104,sd11104
sd11104,gk_staff19
sd11105,sd11105
sd11105,hs_staff02
sd11107,sd11107
sd11107,sa_staff19
sd11108,sd11108
sd11108,js_staff23
sd11112,sd11112
sd11112,gk_staff18
sd12101,sd12101
sd12102,sd12102
sd12102,sa_staff29
sd12104,sd12104
sd12801,sd12801
sd12801,gk_staff46
sd12802,sd12802
sd12802,etk_staff17
sd12803,sd12803
sd12803,fa_staff10
sd13101,sd13101
sd13102,sd13102
sd13102,eth_staff05
sd13105,sd13105
sd13105,etk_staff07
sd14101,sd14101
sd14101,sa_staff20
sd14102,sd14102
sd14102,eka_staff03
sd14103,sd14103
sd14103,sa_fact13
sd14104,sd14104
sd14104,fa_staff16
sd14105,sd14105
sd14105,gk_staff29
sd14106,sd14106
sd14106,fa_staff24
sd14107,sd14107
sd14107,fa_note03
sd14109,sd14109
sd14109,gk_staff07
sd14110,sd14110
sd14110,hs_staff05
sd14111,sd14111
sd14111,js_staff04
sd14801,sd14801
sd14801,js_staff08
sd14802,sd14802
sd14802,js_staff16
sd14803,sd14803
sd14803,gk_staff06
sd15101,sd15101
sd15101,eka_staff11
sd15801,sd15801
sd15801,js_staff06
sd16801,etk_staff12
sd16801,sd16801
sd17101,sd17101
sd17102,sd17102
sd17103,sd17103
sd17104,sd17104
sd17105,sd17105
sd17105,js_staff03b
sd17106,sd17106
sd17107,sd17107
sd17801,sd17801
sd17801,js_staff31
sd17802,sd17802
sd17802,js_staff14
sd17803,sd17803
sd18101,sd18101
sd18102,sd18102
sd18103,sd18103
sd18104,sd18104
sd18105,sd18105
sd18106,sd18106
sd18107,sd18107
sd18108,sd18108
sd18109,sd18109
sd18110,sd18110
sd18111,sd18111
sd18112,sd18112
sd19104,gk_staff49
sd20039,sd20039
sd20039,gk_staff04
sd20041,sd20041
sd20041,js_staff24
sd20048,sd20048
sd40004,sd40004
sd40004,sa_staff25
sd77101,sd77101
sd77101,fa_staff04
sd82101,sd82101
sd82101,sa_staff11
sd85101,sd85101
sd85101,ft_staff12
sd85102,sd85102
sd85102,sa_staff17
sd86002,sd86002
sd86002,gk_staff02
sd87001,sa_staff15
sd87001,sd87001
sd87105,sd87105
sd87105,sa_fact26
sd88002,sd88002
sd88002,fa_staff02
sd88101,sd88101
sd88101,fa_staff05
sd88106,sd88106
sd88106,fa_staff12
sd88940,sd88940
sd88940,fa_staff21
sd89102,sd89102
sd89102,js_staff07
sd89106,sd89106
sd89106,gk_staff28
sd90102,sd90102
sd90102,fa_staff15
sd91002,sd91002
sd91002,fa_staff07
sd92107,sd92107
sd92107,gk_staff13
sd92802,sd92802
sd92802,js_staff26
sd93001,sd93001
sd93001,efu_staff01
sd93002,sd93002
sd93002,gk_staff03
sd93105,sd93105
sd93105,fa_staff06
sd93111,sd93111
sd93111,fa_staff09
sd93801,sd93801
sd93801,js_staff11
sd93806,sd93806
sd93806,js_staff22
sd94003,sd94003
sd94005,sd94005
sd94005,etk_staff01
sd94006,sd94006
sd94006,sa_staff24
sd94109,sd94109
sd94112,sd94112
sd94112,gk_staff37
sd94113,ss_ohshiro
sd94113,sd94113
sd94114,sd94114
sd94114,sa_staff13
sd94115,sd94115
sd94115,eka_staff05
sd95001,ss_higashikawa
sd95001,sd95001
sd95801,ss_komiya
sd95801,sd95801
sd96101,sd96101
sd96102,sd96102
sd97001,sd97001
sd97001,ft_staff07
sd97102,sd97102
sd97102,fa_staff03
sd97801,sd97801
sd97801,js_staff10
sd98101,sd98101
sd98101,fa_note02
sd98103,sd98103
sd98103,js_staff15
sd98106,sd98106
sd99102,sd99102
sd99102,gk_staff35
hccc88928,gk_staff21
hcc89656,hcc89656
hcc89708,sd09101
hcc89713,hcc31103